id,article,description
https://www.leparisien.fr/jo-paris-2024/tennis-de-table/jo-paris-2024-les-pongistes-alexis-lebrun-et-jianan-yuan-selectionnes-pour-lepreuve-du-double-mixte-09-05-2024-M7EEQ5HGTRG6BJCLTA4FLU4E5Q.php,"JO Paris 2024Â : les pongistes Alexis Lebrun et Jianan Yuan sÃ©lectionnÃ©s pour lâ€™Ã©preuve du double mixte - Le Parisien

La fÃ©dÃ©ration internationale de tennis de table a dÃ©voilÃ© cette semaine le nom des Ã©quipes de double mixte qualifiÃ©es pour les prochains JO. La paire franÃ§aise, rÃ©cemment demi-finaliste du Grand Smash de Djeddah, est officiellement retenue.
Il faudra patienter pour dÃ©couvrirla sÃ©lection des Ã©preuves en simple, mais deux pongistes franÃ§ais sont dâ€™ores et dÃ©jÃ  assurÃ©s de leur prÃ©sence aux Jeux olympiques de Paris 2024. Il sâ€™agit dâ€™Alexis Lebrunet de Jianan Yuan, respectivement Ã¢gÃ©s de 20 et 38 ans, retenus pour lâ€™Ã©preuve du double mixte.
La sÃ©lection a Ã©tÃ© officialisÃ©e par fÃ©dÃ©ration internationale de tennis de table ce mardi 7Â mai. En tant que pays hÃ´te, la France disposait dâ€™un quota pour cette Ã©preuve et câ€™est la paire la mieux classÃ©e qui en a donc logiquement hÃ©ritÃ©.
A post shared by Alexis Lebrun (@alexislebrun2003)
Ensemble, lâ€™aÃ®nÃ©des FrÃ¨res Lebrunet la pongiste licenciÃ©e Ã  Poitiers viennent justement dâ€™atteindre les demi-finales du Grand Smash (Ã©quivalent dâ€™un tournoi du Grand Chelem en tennis) de Djeddah (Arabie saoudite). AssociÃ© Ã  son petit frÃ¨re FÃ©lix, Alexis Lebrun sâ€™est Ã©galement qualifiÃ© pour les demi-finales du double hommes qui auront lieu ce jeudi 9Â mai Ã  partir de 15Â heures. FÃ©lix Lebrun poursuit son chemin en individuel, avec une qualification pour les quarts de finale en simple du tournoi saoudien, qui auront lieu Ã  15Â heures ce jeudi.
En 2021 lors des Jeux olympiques de Tokyo, Jianan Yuan avait dÃ©jÃ  participÃ© au double mixte, cette fois avec Emmanuel Lebesson. Les deux FranÃ§ais avaient terminÃ© Ã  la quatriÃ¨me place de ce tournoi olympique, tout proche dâ€™une mÃ©daille de bronze. Lâ€™Ã©preuve de double mixte desservira les premiers titres et mÃ©dailles olympiques detennis de table de Paris 2024, la finale se dÃ©roulant le 30Â juillet Ã  lâ€™Arena Paris Sud, situÃ©e Ã  la Porte de Versailles.","La fÃ©dÃ©ration internationale de tennis de table a dÃ©voilÃ© cette semaine le nom des Ã©quipes de double mixte qualifiÃ©es pour les prochains JO. La paire franÃ§aise, rÃ©cemment demi-finaliste du Grand Smash de Djeddah, est officiellement retenue."
https://www.leparisien.fr/jo-paris-2024/jo-paris-2024-marchand-mayer-mossely-riner-ou-en-sont-les-stars-des-bleus-a-100-jours-des-jeux-14-04-2024-CSCFKO55FJGBJOF7B2UKSLLVBA.php,"JO Paris 2024Â : Marchand, Mayer, Mossely, Rinerâ€¦ OÃ¹ en sont les stars des Bleus Ã  100 jours des JeuxÂ ? - Le Parisien

Entre stages dâ€™entraÃ®nement et compÃ©titions, la prÃ©paration des leaders du sport franÃ§ais pour les Jeux olympiques de Paris se poursuit, avec, pour certains, toujours une qualification Ã  aller chercher.
Il doit y avoir un peu dâ€™attente mÃªlÃ©e Ã  lâ€™excitation, quelques doutes conjuguÃ©s Ã  la peur de se blesser Ã  lâ€™aube de ce que beaucoup de nos stars franÃ§aises ont qualifiÃ© de Â« compÃ©tition dâ€™une vie Â». Ã€ un peu plus de cent jours de leur entrÃ©e en lice Ã  la maison auxJO de Paris 2024,les voilÃ  installÃ©s dans la derniÃ¨re ligne droite, peaufinant leur prÃ©paration, rÃ©glant les derniers dÃ©tails, et surtout, pour nombre dâ€™entre eux, tentant dâ€™assurer leur qualification.
Mais le rendez-vous approche et Ã§a se voit. Ã€ Paris, les premiÃ¨res infrastructures Ã©phÃ©mÃ¨res commencent Ã  sortir de terre commele Stade tour Eiffel (VIIe). Les grandes marques de sport aussi ont rejoint la capitale et rÃ©vÃ¨lent tour Ã  tour les tenues que porteront les sportifs. Mercredi, nous avons ainsi assistÃ© aux retrouvailles entreMondo DuplantisetRenaud Lavillenieen marge dâ€™un Ã©vÃ©nement organisÃ© par leur sponsor Puma. Les deux nâ€™ont pas vraiment le mÃªme objectif : le premier visera lâ€™or olympique, le second espÃ¨re dÃ©jÃ  se qualifier. Â« Je fais tout pour Ãªtre aux JO mais Ã  aucun moment je me dis que je suis obligÃ© dâ€™y Ãªtre Â», confie-t-il.","Entre stages dâ€™entraÃ®nement et compÃ©titions, la prÃ©paration des leaders du sport franÃ§ais pour les Jeux olympiques de Paris se poursuit, avec, pour certains, toujours une qualification Ã  aller chercher."
https://www.leparisien.fr/sports/pour-le-kyks-linattendue-celebration-du-pongiste-simon-gauzy-en-hommage-a-kylian-mbappe-28-03-2024-F7FWADP6MRFTXGXDDWB4QPUAGY.php,"Â« Pour le Kyks Â» : lâ€™inattendue cÃ©lÃ©bration du pongiste Simon Gauzy en hommage Ã  Kylian MbappÃ© - Le Parisien

Vainqueur pour la premiÃ¨re fois de sa carriÃ¨re sur la scÃ¨ne WTT Champions, Simon Gauzy sâ€™est offert une victoire de prestige face Ã  la tÃªte de sÃ©rie nÂ°8 Diang Qiu, quâ€™il a cÃ©lÃ©brÃ© Ã  la faÃ§on du joueur du PSG.
Une telle victoire valait bien une belle cÃ©lÃ©bration ! Aux WTT Champions dâ€™Incheon, en CorÃ©e du Sud, qui rassemblent les 32 meilleurspongistespar genre et ont dÃ©butÃ© ce mercredi 27 mars,Simon Gauzya rÃ©alisÃ© une trÃ¨s belle performance en battant dÃ¨s les 16es de finale lâ€™Allemand Dang Qiu, 10e mondial et tÃªte de sÃ©rie nÂ°8 (11-8, 3-11, 12-10, 11-6).
Â« Sa toute premiÃ¨re victoire sur la scÃ¨ne du WTT Champions Â», prÃ©cise le site de World Table Tennis, que le pongiste franÃ§ais, 30e au classement WTT, a cÃ©lÃ©brÃ©e Ã  la faÃ§on du joueur du PSGKylian MbappÃ©: genou Ã  terre, le pouce sur le front et lâ€™auriculaire levÃ©. Sur son compte X, Gauzy lui a ainsi dÃ©diÃ© sa victoire : Â« Pour le Kyks Â».
Pour le Kyks ğŸ™ƒpic.twitter.com/y6euT0wCi1
Cette cÃ©lÃ©bration est lâ€™une des nombreuses pour lesquelles Kylian MbappÃ©, qui a eu le loisir dâ€™en essayer quelques unes durant sa carriÃ¨re, sâ€™est fait connaitre. La premiÃ¨re fois quâ€™il lâ€™avait rÃ©alisÃ©e, câ€™Ã©tait en avril 2022, aux cÃ´tÃ©s dâ€™Achraf Hakimi lors dâ€™un match face au FC Lorient au Parc des Princes.
De maniÃ¨re plus notable,il avait Ã©galement fait cette mÃªme cÃ©lÃ©bration au Qatar, lors de la Coupe du monde 2022, dÃ¨s le premier match de la phase de poules face Ã  lâ€™Australie, et avait rÃ©cidivÃ© notamment face au Danemark.
De son cÃ´tÃ©, Simon Gauzy va pouvoir poursuivre son sÃ©jour en CorÃ©e du Sud. En 1/8es de finale, ce vendredi, il affrontera le 29e mondial sud-corÃ©en Lee Sang Su.","Vainqueur pour la premiÃ¨re fois de sa carriÃ¨re sur la scÃ¨ne WTT Champions, Simon Gauzy sâ€™est offert une victoire de prestige face Ã  la tÃªte de sÃ©rie nÂ°8 Diang Qiu, quâ€™il a cÃ©lÃ©brÃ© Ã  la faÃ§on du joueur du PSG. "
https://www.leparisien.fr/jo-paris-2024/tennis-de-table/deux-champions-qui-nont-pas-la-grosse-tete-les-freres-lebrun-ont-conquis-les-ulis-04-04-2024-XWBWBIKPDRFOJIHJUKHIT2XXQU.php,"JO Paris 2024Â : Â«Â Deux champions qui nâ€™ont pas la grosse tÃªteÂ Â»â€¦ les FrÃ¨res Lebrun ont conquis LesÂ Ulis - Le Parisien

FÃ©lix et Alexis Lebrun Ã©taient de passage ce jeudi dans un hypermarchÃ© de lâ€™Essonne dans le cadre dâ€™un Ã©vÃ©nement organisÃ© avec Carrefour, un de leurs partenaires.
Il fallait les voir sâ€™essayer lâ€™un aprÃ¨s lâ€™autreÃ  la dÃ©sormais mythique Â« Lucarne dâ€™Ã‰vry Â»installÃ©e ce jeudi aprÃ¨s-midi sur le parking du centre commercial des Ulis, et se moquer tour Ã  tour de leur performance.
Alexis et FÃ©lix Lebrun nâ€™ajouteront pas pour cette fois un nouveau succÃ¨s Ã  leur palmarÃ¨s, leurs frappes ayant achevÃ© leurs courses loin dela cÃ©lÃ¨bre fenÃªtre, mais ils se sont particuliÃ¨rement pris au jeu. Dans le cadre dâ€™un Ã©vÃ©nement organisÃ© par Carrefour, un de leurs sponsors et Ã©galement partenaire Â« premium Â» des Jeux olympiques et paralympiques de Paris 2024, les deux prodigesdu tennis de tablefranÃ§ais ont passÃ© prÃ¨s de trois heures avec des salariÃ©s du groupe, des fans ayant eu connaissance de cet aprÃ¨s-midi dâ€™exhibition via les rÃ©seaux sociaux, ou de simples clients venus faire leurs achats du quotidien.","FÃ©lix et Alexis Lebrun Ã©taient de passage ce jeudi dans un hypermarchÃ© de lâ€™Essonne dans le cadre dâ€™un Ã©vÃ©nement organisÃ© avec Carrefour, un de leurs partenaires."
https://www.leparisien.fr/jo-paris-2024/jo-paris-2024-on-peut-etre-une-drag-queen-et-porter-la-flamme-olympique-06-05-2024-XXJZYSWEK5CHPNUC7MDIYKEMLY.php?dicbo=v2-g6LRdp4,"JO Paris 2024Â : Â«Â On peut Ãªtre une drag-queen et porter la flamme olympiqueÂ Â» - Le Parisien

Martin Namias, connu sous son nom de drag-queen Â«Â Miss MartiniÂ Â», sera la premiÃ¨re drag-queen du relais, le 11Â mai Ã  Digne-les-Bains, dans les Alpes-de-Haute-Provence, trois jours aprÃ¨s lâ€™arrivÃ©e de la flamme mercredi Ã  Marseille.
Ã€ 31 ans, Martin Namias, connu sous son nom de drag-queen Â«Â Miss MartiniÂ Â», portera la flamme olympique sur une des Ã©tapes du relais dans le sud de la France, pour Â«Â mettre de la joieÂ Â» et dÃ©fendre une sociÃ©tÃ© inclusive.
Â«Â Câ€™est un honneur de pouvoir le faire et je pense que câ€™est important que le monde entier puisse voir quâ€™en France, on peut Ãªtre une drag-queen et porter la flamme olympiqueÂ Â», confie Miss Martini.
Elle se targue dâ€™Ãªtre la premiÃ¨re drag-queen du relais, le 11Â mai Ã  Digne-les-Bains, dans les Alpes-de-Haute-Provence, trois jours aprÃ¨s lâ€™arrivÃ©e de la flamme mercredi Ã  Marseille. Une autre drag-queen, Minima GestÃ©, est prÃ©vue sur le parcours de la flamme lors de son passage Ã  Paris les 14 et 15Â juillet.
ProfessionÂ : kinÃ©sithÃ©rapeute
KinÃ©sithÃ©rapeute de profession, Martin Namias a commencÃ© Ã  se produire en tant que drag sous le nom de Miss Martini en 2015, Â«Â partout dans Marseille, dans tous les lieux LGBT +Â Â», mais pas uniquement. Il assure par exemple un show mensuel au Cabaret de lâ€™Ã‰toile Bleue.
Il accueille lâ€™AFP dans son appartement de Marseille en se maquillant et se parant dâ€™une robe rouge Ã  froufrous, dâ€™une longue perruque blonde et dâ€™un collier en argent scintillant, avant de sortir se promener dans les rues de la deuxiÃ¨me ville de France.
HabituÃ© de ces tenues resplendissantes, comme pour un shooting lors duquel il a Â«Â incarnÃ© la flamme olympiqueÂ Â» dans une robe incandescente, il devra, Ã  regret, se contenter du sobre maillot blanc des porteurs de flamme le jour du relais. Mais il compte tout de mÃªme Â«Â accessoiriser tout Ã§aÂ Â» avec Â«Â une belle ceinture, de beaux talons et une wig [perruque] incroyableÂ Â».
Le tout pour Â«Â faire le show, faire danser, mettre de la joie dans les yeux du public, les faire rÃªverÂ Â», sur les 200Â m qui le verront porter la flamme Ã  Digne-les-Bains, le 11Â mai Ã  12h21.
Â«Â Les valeurs des Jeux olympiques sont universellesÂ Â»
Au-delÃ  de cette prÃ©sence festive sur le relais, Miss Martini compte Ã©galement porter un message en faveur dâ€™une sociÃ©tÃ© inclusive ou tous et toutes ont leur place. Ã€ Paris,la drag-queen choisie pour porter la flamme a fait lâ€™objet dâ€™un harcÃ¨lement numÃ©rique relayÃ© par des mÃ©dias dâ€™extrÃªme droiteÂ», selon la maire de la ville Anne Hidalgo.
PerchÃ©e sur des talons de 25 cm, pour des performances de plus de 2 heures, la drag queen@minima_gesteest prÃªte pour son relais de la Flamme olympique ğŸ¤©RDV cet Ã©tÃ©, les 14 & 15 juillet prochains, pour le passage de la Flamme dans la capitale !pic.twitter.com/KluHEcjCPh
Â«Â Il est Ã©vident que lâ€™extrÃªme droite trouve dÃ©placÃ© quâ€™une drag-queen porte la flamme olympique, câ€™est tout le contraire, câ€™est un dÃ©bat et une rÃ©flexion qui sâ€™ouvrent, câ€™est de lâ€™inclusivitÃ© qui est montrÃ©eÂ Â», assure Martin.
Miss Martini souhaite aussi sensibiliser sur la participation des personnes transgenre aux compÃ©titions.
AprÃ¨s la premiÃ¨re participation aux JO de Tokyo dâ€™une sportive transgenre, en haltÃ©rophilie, cette question est un casse-tÃªte pour les institutions sportives. En novembreÂ 2021, le ComitÃ© International Olympique (CIO) a renvoyÃ© la balle Ã  chaque sport, soulignant lâ€™absence de Â«Â consensus scientifique sur le rÃ´le de la testostÃ©rone dans la performance dans lâ€™ensemble des sportsÂ Â».
Â«Â Ce nâ€™est pas une rÃ©ponse qui est OKÂ Â», estime Martin Namias, qui y voit Â«Â une maniÃ¨re dâ€™interdire les personnes trans de participerÂ Â» dans la catÃ©gorie quâ€™elles souhaitent.
Et dâ€™ajouterÂ : Â«Â Les valeurs des Jeux olympiques, elles sont magnifiques et universelles. On est pour le sport et lâ€™inclusivitÃ© +Â toustes +Â ensemble. La sociÃ©tÃ© Ã©volue, et je pense quâ€™il faut que le systÃ¨me olympique Ã©volue en mÃªme tempsÂ Â».","Martin Namias, connu sous son nom de drag-queen Â«Â Miss MartiniÂ Â», sera la premiÃ¨re drag-queen du relais, le 11Â mai Ã  Digne-les-Bains, dans les Alpes-de-Haute-Provence, trois jours aprÃ¨s lâ€™arrivÃ©e de la flamme mercredi Ã  Marseille."
https://www.leparisien.fr/jo-paris-2024/jo-paris-2024-thomas-pesquet-portera-la-flamme-olympique-au-mont-saint-michel-08-05-2024-NZTELBKIXVD3DAM3OW6TT4V2VA.php,"JO Paris 2024Â : Thomas Pesquet portera la flamme olympique auÂ Mont-Saint-Michel - Le Parisien

La flamme olympique traversera LeÂ Mont-Saint-Michel le 31Â mai prochain. Originaire de Normandie, Thomas Pesquet a annoncÃ© quâ€™il serait parmi les porteurs.
Ce sera Â« chez lui Â». Lâ€™astronaute franÃ§ais Thomas Pesquet portera la flamme olympique le 31 mai au Mont-Saint-Michel (Manche), a-t-il annoncÃ© mercredisur RTL. Â« Ce sera chez moi en Normandie, prÃ¨s dâ€™un lieu assez iconique, qui a beaucoup Ã©tÃ© pris en photo, qui sâ€™appelle Le Mont-Saint-Michel Â», a dÃ©clarÃ© Thomas Pesquet, originaire de Rouen.
La flamme olympique traversera le dÃ©partement de la Manchele 31 mai prochain. Relais aprÃ¨s relais, elle sillonnera les ruelles pavÃ©es du Mont, jusquâ€™Ã  la cÃ©lÃ¨bre abbaye, avant de redescendre pour lâ€™embrasement du chaudron olympique.
Avec Tony Parker, Jamel Debbouze, ou Patrick Bruel
Thomas Pesquet a fait cette annonce depuis Marseille, oÃ¹ il a assistÃ© Ã lâ€™arrivÃ©e mercredi soir de la flamme olympique. AprÃ¨s 12 jours de voyageÃ  bord du Belem, depuis la GrÃ¨ce, la flamme est arrivÃ©e sur le Vieux-Port entre les mains du nageur Florent Manaudou, champion olympique en 2012 Ã  Londres. Il a ensuite passÃ© le premier relais Ã  la championne paralympique dâ€™athlÃ©tisme Nantenin Keita, qui a transmis la flamme au rappeur marseillais Jul. Câ€™est ce dernier qui a eu lâ€™honneur dâ€™allumer le feu olympique pour la nuit.
Thomas Pesquet rejoint ainsi la liste des personnalitÃ©s qui porteront la flamme, jusquâ€™Ã  son arrivÃ©e Ã  Paris, le 26 juillet. Parmi elles, on peut citer lâ€™ancien basketteur Tony Parker, lâ€™humoriste Jamel Debbouze, ou le chanteur Patrick Bruel.","La flamme olympique traversera LeÂ Mont-Saint-Michel le 31Â mai prochain. Originaire de Normandie, Thomas Pesquet a annoncÃ© quâ€™il serait parmi les porteurs."
https://www.leparisien.fr/jo-paris-2024/jo-paris-2024-un-tournoi-de-qualification-releve-a-istanbul-aux-allures-de-lutte-finale-pour-les-jeux-09-05-2024-P2TRBHR4OZCU3HVFRP7FJAW5QY.php,"JO Paris 2024Â : un tournoi de qualification Â«Â relevÃ©Â Â» Ã  Istanbul aux allures de lutte finale pour les Jeux - Le Parisien

Lâ€™Ã©quipe de France, composÃ©e de douze lutteurs, va tenter de dÃ©crocher un maximum de billets pour les JO lors du dernier tournoi de qualification (TQO) Ã  Istanbul (Turquie) Ã  partir de ce jeudi. Son manager, Yvon Riemer, reste rÃ©aliste et espÃ¨re glaner trois tickets olympiques supplÃ©mentaires, en plus des deux dÃ©jÃ  acquis.
Câ€™est le rendez-vous de la derniÃ¨re chance pour les lutteurs tricolores de pouvoir participer auxJO de Paris 2024.Douze lutteurs sont sur le pont Ã  partir de ce jeudi et jusquâ€™Ã  dimanche lors de ce Tournoi de qualification olympique (TQO) mondial Ã  Istanbul (Turquie). Ils devront terminer sur le podium de leur catÃ©gorie pour dÃ©crocher leur prÃ©cieux sÃ©same olympique.
Qui va ainsi rejoindreKoumba LarroqueetMamadassa Sylla,les deux seuls lutteurs Ã  avoir pour le moment dÃ©crochÃ© leur ticket pour les JO ? La premiÃ¨re sâ€™Ã©tait qualifiÃ©e grÃ¢ce Ã  sa mÃ©daille de bronze aux derniers Championnats du monde Ã  Belgrade (Serbie) en septembre dernier et le second lors du TQO europÃ©en de Bakou (AzerbaÃ¯djan), le mois dernier.
Les lutteurs ayant participÃ© au premier TQO Ã  Bakou ont tous Ã©tÃ© reconduits Ã  lâ€™exception dâ€™Ibrahim Ghanem, champion du monde en titre des -72 kg grÃ©co-romaine, catÃ©gorie non olympique. Ce dernier avait profitÃ© du renoncement de Johnny Bur pour raisons personnelles lors du dernier TQO pour prendre la place en -77 kg grÃ©co-romaine mais il sâ€™Ã©tait inclinÃ© au 1er tour.
Pour dÃ©terminer lâ€™identitÃ© du lutteur participant au TQO dâ€™Istanbul, le staff des Bleus avait alors organisÃ© un test-match entre les deux combattants. Sorti gagnant, Ibrahim Ghanem a finalement renoncÃ© car il a Ã©tÃ© victime dâ€™une commotion cÃ©rÃ©brale lors dâ€™un stage de prÃ©paration en Hongrie la semaine passÃ©e. Johnny Bur va donc le remplacer.
AmÃ©lie Douarre et Pauline Lecarpentier ont une belle carte Ã  jouer
En lutte libre, les combattants sont partis en stage aux Ã‰tats-Unis avant de finir leur prÃ©paration Ã  lâ€™Insep. Zelimkhan Khadjiev fait son retour aprÃ¨squatre annÃ©es de suspension pour dopage.Lâ€™ancien champion du monde junior, qui avait participÃ© aux JO de Rio en 2016, va tenter de se qualifier pour Paris en -74 kg.
Chez les femmes, parties en stage au Japon la semaine passÃ©e, AmÃ©lie Douarre en -62 kg et Pauline Lecarpentier en -76 kg ont une belle carte Ã  jouer. Ã€ Bakou, elles avaient ratÃ© la qualification olympique dâ€™un cheveu en sâ€™inclinant en demi-finale. La compÃ©tition en grÃ©co-romaine se dÃ©roulera jeudi et vendredi, celle des fÃ©minines le vendredi et samedi et celle en libre le samedi et dimanche.
Â« Ce dernier TQO va Ãªtre trÃ¨s relevÃ© car lâ€™ensemble des continents est reprÃ©sentÃ©, annonce Yvon Riemer, le manager gÃ©nÃ©ral de la cellule Paris 2024. La petite chance, câ€™est de pouvoir perdre un match et Ãªtre repÃªchÃ© avec lâ€™opportunitÃ© de glaner une mÃ©daille de bronze et donc se qualifier pour les JO. Lâ€™objectif est de dÃ©crocherune qualification olympiquepar style (grÃ©co-romaine, libre et fÃ©minine). On a le potentiel, mais il faudra Ãªtre au top le jour de la compÃ©tition et aussi avoir un peu de chance au tirage au sort. Dans ce genre de compÃ©tition, il y a toujours des surprises. Â» Aux Tricolores dâ€™en profiter.
La liste des sÃ©lectionnÃ©s
FÃ©minines.-50 kg : Julie SabatiÃ©, -53 kg : Tatiana Debien, -57 kg : Mathilde RiviÃ¨re, -62 kg : Ameline Douarre, -76 kg : Pauline Lecarpentier.
GrÃ©co-romaine.-60 kg : LÃ©o Tudezca, -67 kg : Mamadassa Sylla, -77 kg : Johnny Bur (Ibrahim Ghanem).
Libre.-57 kg : Ilman Mukhtarov, -65 kg : Khamzat Arsamerzouev, -74 kg : Zelimkhan Khadjiev, -86 kg : Rakhim Magamadov, -97 kg : Adlan Viskhanov.","Lâ€™Ã©quipe de France, composÃ©e de douze lutteurs, va tenter de dÃ©crocher un maximum de billets pour les JO lors du dernier tournoi de qualification (TQO) Ã  Istanbul (Turquie) Ã  partir de ce jeudi. Son manager, Yvon Riemer, reste rÃ©aliste et espÃ¨re glaner trois tickets olympiques supp..."
https://www.leparisien.fr/jo-paris-2024/le-relais-de-la-flamme-a-debute-a-marseille-avec-lancien-footballeur-basile-boli-09-05-2024-SNZCGT3NABAFXMKAFYMG74QP2I.php,"JO Paris 2024 : le relais de la flamme a dÃ©butÃ© Ã  Marseille avec lâ€™ancien footballeur Basile Boli - Le Parisien

Lâ€™ex-international franÃ§ais, seul buteur lors de la victoire de lâ€™Olympique de Marseille en finale de la Ligue des champions 1993, a commencÃ© le relais de la flamme ce jeudi.
Une lÃ©gende du football pour entamer ce marathon. Le relais de la flamme olympique a dÃ©butÃ© ce jeudiÃ  MarseilleÃ  lâ€™emblÃ©matique basilique Notre-Dame-de-la-Garde, oÃ¹ Basile Boli, lÃ©gende du football marseillais, a Ã©tÃ© le premier Ã  porter la torche qui arrivera Ã  Paris pour les JO le 26 juillet.
Lâ€™ex-international franÃ§ais, seul buteur lors de la victoire de lâ€™Olympique de Marseille en finale de la Ligue des champions 1993, a dÃ©butÃ© le relais de la flamme juste sous la cÃ©lÃ¨bre statue dorÃ©e de la Â« Bonne-MÃ¨re Â» qui veille sur la deuxiÃ¨me ville de France.
#Paris2024| ğŸ”¥ Ã€ jamais le premier ! Basile Boli, hÃ©ros de la finale de la Ligue des champions 1993 avec lâ€™OM, est le premier relayeur de la flamme olympique !â–¶ï¸ Suivez le  relais de la flamme olympique en direct :https://t.co/OK0hkyRtsFpic.twitter.com/vBiHZZrScg
Â« Allumer le feu Â»
VÃªtu de blanc comme tous les porteurs, il a ensuite passÃ© le relais, sous un grand ciel bleu, en donnant le Â« baiser de la torche Â» Ã  Colette Cataldo, 83 ans, supportrice historique de lâ€™OM, qui a chantÃ© Â« Allumer le feu Â» de Johnny Hallyday.
Â« VoilÃ , Ã§a fait battre le cÅ“ur et câ€™est fantastique. Câ€™est la flamme olympique, câ€™est le symbole du sport, du vivre ensemble, de tout ce quâ€™on peut espÃ©rer dans le monde Â», a commentÃ© aprÃ¨s coup Basile Boli.
Â« Attention, Ã§a va passer trÃ¨s vite votre relais, profitez-en ! Â», leur avait lancÃ© auparavant Tony Estanguet, prÃ©sident du comitÃ© dâ€™organisation des JO de Paris 2024. Â« Le dÃ©part câ€™est important dans le sport Â», a-t-il ajoutÃ©. Â« On a pris un bon dÃ©part... maintenant câ€™est parti ! On va chaque jour dÃ©livrer ces moments de fÃªte, dâ€™Ã©motions Â»avec 10 000 relayeurs dans 400 villes de Francejusquâ€™Ã  la cÃ©rÃ©monie dâ€™ouverture des JO de Paris (26 juillet - 11 aoÃ»t).
Plusieurs dizaines de personnes avaient montÃ© la colline pour assister Ã  ce moment particulier et le cardinal Jean-Marc Aveline, archevÃªque de Marseille, Ã©tait prÃ©sent en tenue dâ€™apparat. La flamme doit poursuivre son chemin en contrebas, oÃ¹ lâ€™attendent des centaines de personnes, beaucoup postÃ©es aussi aux fenÃªtres des immeubles, selon un journaliste de lâ€™AFP.
VIDEO. Paris 2024 : Jul a embrasÃ© le chaudron Ã  Marseille !
Marseille est la seule ville avec Paris traversÃ©e une journÃ©e entiÃ¨re par le relais. Le premier chaudron olympique a Ã©tÃ© embrasÃ© mercredi soir sur le Vieux-Portpar le rappeur marseillais Jul, devant 150 000 personnes, aprÃ¨s une grandiose parade maritime sur la MÃ©diterranÃ©e.","Lâ€™ex-international franÃ§ais, seul buteur lors de la victoire de lâ€™Olympique de Marseille en finale de la Ligue des champions 1993, a commencÃ© le relais de la flamme ce jeudi."
https://www.leparisien.fr/jo-paris-2024/il-sagit-de-creer-des-liens-avec-les-gens-le-relais-de-la-flamme-olympique-un-moment-qui-petille-09-05-2024-NRE6GNSBTNFFTDHI54C2YSIICU.php,"Â«Â Il sâ€™agit de crÃ©er des liens avec les gensÂ Â»Â : le relais de la flamme olympique, un moment qui pÃ©tille - Le Parisien

Ce jeudi 9Â mai, câ€™est le dÃ©but du relais de la flamme qui durera jusquâ€™au 26Â juillet et la cÃ©rÃ©monie dâ€™ouverture des Jeux de Paris. Un Ã©vÃ©nement majeur pour Coca-Cola, parrain de lâ€™Ã©vÃ©nement.
AprÃ¨s lâ€™arrivÃ©e dela flammedans le Vieux-Port ce mercredi, le relais de 69 jours, qui mÃ¨nera le feu sacrÃ© jusquâ€™Ã  lâ€™ouverture desJeux olympiquesde Paris le 26 juillet, dÃ©butera rÃ©ellement sur le sol franÃ§ais ce jeudidans la citÃ© phocÃ©enne.
Parrain de lâ€™Ã©vÃ©nement, Coca-Cola organisera de nombreuses festivitÃ©s, Ã  commencerpar le concert de Soprano ce 8 mai.BasÃ© Ã  Atlanta (Ã‰tats-Unis), le Canadien Tim Dignard, directeur des partenariats sport et des opÃ©rations Coca-Cola, explique Ã  quel point cet Ã©vÃ©nement peut Ãªtre fÃ©dÃ©rateur.
Vous avez travaillÃ© sur plusieurs relais de la flamme. Quâ€™ont-ils de particulier ?
TIM DIGNARD.Mes premiers Jeux ont Ã©tÃ© ceux de Vancouver, en 2010. Ã€ lâ€™Ã©poque, je travaillais pour le comitÃ© dâ€™organisation. Jâ€™Ã©tais au bureau le jour de lacÃ©rÃ©monie dâ€™ouverture,la flamme est arrivÃ©e Ã  lâ€™extÃ©rieur. Ã‡a faisait des mois que nous Ã©tions sur le projet, et au moment oÃ¹ nous sommes sortis pour voir le passage, jâ€™ai eu envie de pleurer tellement lâ€™Ã©motion Ã©tait forte. Peu importe le pays hÃ´te, câ€™est un moment unique et on retrouve souvent les moments les plus forts et les plus iconiques sur ce relais de la flamme.
Quâ€™est-ce que le relais reprÃ©sente pour Coca-Cola, parrain de lâ€™Ã©vÃ©nement ?
Notre Ã©quipe en France effectue un travail formidable pour Paris 2024.La flamme qui commence Ã  traverser la France,ce sont les efforts qui se concrÃ©tisent. La prÃ©paration pour Paris 2024 est un marathon et non un sprint, et la magie du relais apporte ce regain dâ€™Ã©nergie qui vous propulse vers le dÃ©but des Jeux. En tant que partenaire historique des Jeux olympiques, nous avons un rÃ´le important Ã  jouer pour faire de ces Jeux de Paris 2024 une grande rÃ©ussite. Nous, parrains, sommes lÃ  aussi pour crÃ©er des expÃ©riences magiques dont les gens se souviendront toute leur vie.
Un relais vous a-t-il marquÃ© plus quâ€™un autre ?
Le souvenir qui me revient, câ€™est Rio 2016. Nous nous rendions dans un petit village dans le nord du pays sans savoir si les gens allaient venir. Nous sommes arrivÃ©s dans ce minuscule village, et tout Ã©tait prÃªt : des panneaux, des t-shirts de couleurs coordonnÃ©es. Les habitants avaient mÃªme crÃ©Ã© leurs propres torches.
Câ€™Ã©tait vraiment spÃ©cial, car la plupart des gens nâ€™avaient jamais rien vu de tel auparavant et tout le monde courait aux cÃ´tÃ©s du porteur. On nous remerciait dâ€™avoir amenÃ© la flamme.
Il sâ€™agit de crÃ©er ces liens avec les gens, ces moments quâ€™ils nâ€™oublieront jamais, et câ€™est vraiment Ã§a qui est si important pour nous. Câ€™est pour cela que nous effectuons ce travail, pour crÃ©er des expÃ©riences magiques pour les gens dont ils se souviendront toute leur vie.
Est-ce que les enjeux de sÃ©curitÃ©, qui sont dÃ©sormais trÃ¨s forts, sur le relais de la flamme ont un impact sur la magie ?
Le comitÃ© dâ€™organisation de Paris 2024, lâ€™Ã‰tat franÃ§ais et la police sont des partenaires formidables avec lesquels nous travaillons Ã©troitement sur ce sujet trÃ¨s important. Nous suivons leurs directives etla sÃ©curitÃ© est toujours au premier plande tout ce que nous prÃ©voyons sur le relais, mais nous savons que nous sommes entre de bonnes mains.
Parlez-vous beaucoup de la flamme entre collaborateurs ?
Câ€™est vraiment quelque chose de spÃ©cial et de diffÃ©rent au sein de notre partenariat olympique, et les employÃ©s sont fiers de faire partie de ce projet. En interne, nous parlons beaucoup de Barcelone 1992, le premier relais dont nous avons Ã©tÃ© partenaires, et tout le monde sait que Paris 2024 sera la 15e fois que nous accompagnerons la flamme.
MÃªme les habitants dâ€™Atlanta(siÃ¨ge de Coca-Cola)parlent encore de 1996 et des souvenirs quâ€™ils gardent du passage de la flamme devant leur maison, ou de la cÃ©rÃ©monie dâ€™ouvertureau cours de laquelle Mohammed Ali a allumÃ© la vasque.Je parle aussi avec beaucoup dâ€™AmÃ©ricains, et il y a beaucoup dâ€™excitation autour de Paris 2024, les gens ont hÃ¢te de venir en France.
Beaucoup dâ€™entre eux ont prÃ©vu de venir en France pour les Jeux, car câ€™est un pays quâ€™ils adorent et ils rÃªvent depuis toujours de visiter Paris. Ces Jeux olympiques et paralympiques sont donc lâ€™occasion rÃªvÃ©e de venir.
Que voulez-vous dire aux FranÃ§ais qui ne sont pas convaincus par les Jeux ?
Allez-y, car câ€™est vraiment unique dâ€™accueillir les Jeux olympiques dans votre pays et vous allez ressentir une grande fiertÃ© dâ€™Ãªtre FranÃ§ais. Les Jeux commencent par le relais de la flamme, et câ€™est lâ€™occasion rÃªvÃ©e pour tous les FranÃ§ais de vivre la magie des Jeux. Je vous promets que si vous y allez, vous ne le regretterez pas !","Ce jeudi 9Â mai, câ€™est le dÃ©but du relais de la flamme qui durera jusquâ€™au 26Â juillet et la cÃ©rÃ©monie dâ€™ouverture des Jeux de Paris. Un Ã©vÃ©nement majeur pour Coca-Cola, parrain de lâ€™Ã©vÃ©nement."
https://www.leparisien.fr/essonne-91/les-ulis-un-forain-de-15-ans-grievement-blesse-sur-un-manege-07-04-2024-UE6TZEGTTZBTJGFFO4DG273MLA.php,"Les UlisÂ : un forain de 15 ans griÃ¨vement blessÃ© sur un manÃ¨ge - Le Parisien

Lâ€™accident sâ€™est produit vers 18h30, samedi, sur lâ€™une des attractions de la fÃªte foraine installÃ©e rue du Morvan. TransportÃ© Ã  lâ€™hÃ´pital avec un pronostic vital engagÃ©, lâ€™adolescent est aujourdâ€™hui tirÃ© dâ€™affaire.
Il sâ€™est retrouvÃ© coincÃ© sous le bras du manÃ¨ge. Ce samedi, un forain de 15 ans a Ã©tÃ© pris en charge par les secours avec un pronostic vital engagÃ© Ã  la suite dâ€™un accident survenu sur le manÃ¨ge dirigÃ© par sa mÃ¨re, lors de lafÃªte foraineinstallÃ©e rue du Morvan, auxÂ Ulis. Conduit Ã  lâ€™hÃ´pital Percy de Clamart (Hauts-de-Seine) avec un pronostic vital engagÃ©, les jours de lâ€™adolescent ne sont dÃ©sormais plus en danger. Il souffre de fractures du bassin, de la clavicule et du fÃ©mur.
Selon les premiers Ã©lÃ©ments de lâ€™enquÃªte, qui a Ã©tÃ© confiÃ©e au commissariat de Palaiseau, le jeune homme serait venu en aide Ã  une cliente ayant perdu une piÃ¨ce de monnaie sur le manÃ¨ge. Avant de la ramasser, lâ€™adolescent aurait prÃ©venu et obtenu le feu vert de sa mÃ¨re en charge de lancer les dÃ©parts. Mais pour des raisons que lâ€™enquÃªte devra dÃ©terminer, le bras du manÃ¨ge lui est retombÃ© dessus avant quâ€™il nâ€™ait le temps de sâ€™extraire.
Â«Â Il ne sâ€™agit pas dâ€™un problÃ¨me technique mais dâ€™une mauvaise manipulationÂ Â», indique la municipalitÃ© sur sa page Facebook. Selon nos informations, les dÃ©pistages dâ€™alcool et de stupÃ©fiants rÃ©alisÃ©s sur la mÃ¨re se sont rÃ©vÃ©lÃ©s nÃ©gatifs. Si le manÃ¨ge a Ã©tÃ© placÃ© sous scellÃ©, les autres attractions seront bien accessibles ce dimanche.
En juin dernier,une structure gonflableinstallÃ©e pour la fÃªte de la ville Ã  Bures-sur-Yvette sâ€™Ã©tait dÃ©tachÃ©e. Treize personnes, dont 12 enfants, avaient alors Ã©tÃ© blessÃ©es. Dans ce cas bien particulier, lâ€™enquÃªte avait dÃ©montrÃ© quâ€™un dÃ©faut dâ€™installation Ã©tait Ã  lâ€™origine de lâ€™accident.","Lâ€™accident sâ€™est produit vers 18h30, samedi, sur lâ€™une des attractions de la fÃªte foraine installÃ©e rue du Morvan. TransportÃ© Ã  lâ€™hÃ´pital avec un pronostic vital engagÃ©, lâ€™adolescent est aujourdâ€™hui tirÃ© dâ€™affaire."
https://www.leparisien.fr/essonne-91/les-ulis-une-femme-de-100-ans-hospitalisee-apres-une-agression-sur-le-parking-du-centre-commercial-27-02-2024-NAPGFINEKFGXZB4ZTRZHFIGVFM.php,"LesÂ UlisÂ : une femme de 100 ans hospitalisÃ©e aprÃ¨s une agression sur le parking du centre commercial - Le Parisien

Une enquÃªte a Ã©tÃ© ouverte aprÃ¨s lâ€™agression, lundi matin, dâ€™une personne Ã¢gÃ©e devant le centre commercial Ulis 2, en Essonne. Victime dâ€™un vol Ã  lâ€™arrachÃ©, la victime a lourdement chutÃ© et souffre dâ€™une fracture de lâ€™humÃ©rus.
Elle doit fÃªter ses 101 ans le 12 mars prochain. Ce lundi, vers 10h20, une femme centenaire a Ã©tÃ© blessÃ©e aprÃ¨s avoir Ã©tÃ© agressÃ©e sur le parking ducentre commercial Ulis 2, en Essonne. Les auteurs, qui ont pris la fuite en voiture, sont activement recherchÃ©s par les forces de lâ€™ordre.
Selon le rÃ©cit dâ€™un tÃ©moin, une ou deux personnes Ã©taient Ã  bord du vÃ©hicule lorsque celui-ci sâ€™est approchÃ© de la victime, originaire dâ€™Orsay. Le conducteur serait alors sorti de lâ€™habitacle et aurait arrachÃ© le sac Ã  main de la dame Ã¢gÃ©e. DÃ©sÃ©quilibrÃ©e par la violence de lâ€™agression, la victime chute lourdement au sol. Â« Elle souffre dâ€™une dÃ©formation de lâ€™Ã©paule droite et dâ€™une fracture de lâ€™humÃ©rus droit, confirme une source proche du dossier. Elle a Ã©tÃ© conduite au centre hospitalier dâ€™Orsay oÃ¹ elle devait Ãªtre opÃ©rÃ©e. Â»
Les agresseurs en fuite
Ce mardi en milieu de journÃ©e, les auteurs de ce vol avec violence nâ€™avaient toujours pas Ã©tÃ© interpellÃ©s.
VulnÃ©rables, les personnes Ã¢gÃ©es sont des cibles faciles pour les voleurs Ã  lâ€™arrachÃ©. En juillet 2020, un homme qui sortait tout juste de prison a Ã©tÃ© interpellÃ© Ã  Longjumeau aprÃ¨sune sÃ©rie de six faitsde cette nature. Ã‚gÃ© de 23 ans, il sÃ©vissait aux abords de lâ€™hÃ´pital de Longjumeau et avait Ã©tÃ© confondu grÃ¢ce aux images de vidÃ©osurveillance. Ses victimes, dont une qui avait reÃ§u une incapacitÃ© totale de travail de 21 jours, Ã©taient Ã¢gÃ©es de 63 Ã  87 ans.","Une enquÃªte a Ã©tÃ© ouverte aprÃ¨s lâ€™agression, lundi matin, dâ€™une personne Ã¢gÃ©e devant le centre commercial Ulis 2, en Essonne. Victime dâ€™un vol Ã  lâ€™arrachÃ©, la victime a lourdement chutÃ© et souffre dâ€™une fracture de lâ€™humÃ©rus."
